<?xml version="1.0" encoding="UTF-8" standalone="yes"?>
<plugins>
    <pluginInfo version-no="6.5.2.GA_v201602101245_r9" plugin-id="com.pat.tool.keditor.KEditorPlugin" plugin-name="Kony Studio"/>
    <pluginInfo version-no="6.5.2.GA_v201512291313_r2" plugin-name="Third Party Jars Plug-in"/>
    <pluginInfo version-no="6.5.2.GA_v201512291313_r2" plugin-id="com.pat.soapui.SoapUIPlugin" plugin-name="Soap UI Plugin"/>
    <pluginInfo version-no="6.5.2.GA_v201512172159_r2" plugin-name="Kony Codegenerator"/>
    <pluginInfo version-no="6.5.2.GA_v201508131958" plugin-id="com.kony.nativecodegen.NativeCodeGenPlugin" plugin-name="Nativecodegen"/>
    <pluginInfo version-no="6.5.2.GA_v201512291313_r2" plugin-name="Kony Studio Licensing"/>
    <pluginInfo version-no="6.5.2.GA_v201602162144_r7" plugin-id="com.kony.cloudmiddleware.Activator" plugin-name="CloudMiddlewarePlugin"/>
    <pluginInfo version-no="6.5.2.GA_v201602162144_r7" plugin-id="com.kony.cloudthirdparty.Activator" plugin-name="CloudThirdPartyPlugin"/>
    <pluginInfo version-no="6.5.2.GA_v201511201758_r5" plugin-id="com.viz.ide.VisualiserIDEPlugin" plugin-name="Visualizer Integration Plugin"/>
    <pluginInfo version-no="6.5.2.GA_v201508132111" plugin-id="com.kony.studio.cloud.StudioCloudPlugin" plugin-name="Kony Studio Cloud Integration"/>
    <pluginInfo version-no="6.5.2.GA_v201508132038" plugin-id="com.kony.studio.sky.SkyPlugin" plugin-name="Sky Data Explorer"/>
    <pluginInfo version-no="6.5.2.GA_v201508132013" plugin-name="Functional Preview Plugin"/>
    <pluginInfo version-no="6.5.2.GA_v201602191701_r17" plugin-id="com.pat.android.Activator" plugin-name="Tablet Android"/>
    <pluginInfo version-no="6.5.2.GA_v201508132120" plugin-id="com.pat.j2me.J2MEPlugin" plugin-name="Blackberry &amp; J2ME"/>
    <pluginInfo version-no="6.5.2.GA_v201508131945" plugin-id="com.kony.bb10.BB10Plugin" plugin-name="Blackberry 10"/>
    <pluginInfo version-no="6.5.2.GA_v201602251804_r18" plugin-id="com.kony.windows.WindowsPhone8Plugin" plugin-name="Windows Phone 8 Plug-in"/>
    <pluginInfo version-no="6.5.2.GA_v201602251259_r8" plugin-id="com.kony.windows.Windows8Plugin" plugin-name="Windows 8.1 Plug-in"/>
    <pluginInfo version-no="6.5.2.GA_v201602191701_r17" plugin-id="com.pat.android.Activator" plugin-name="Android"/>
    <pluginInfo version-no="6.5.2.GA_v201512031120_r1" plugin-id="thinclientplugin.Activator" plugin-name="ThinClient"/>
    <pluginInfo version-no="6.5.2.GA_v201512172039_r1" plugin-id="com.kony.windows.WinDesktopPlugin" plugin-name="Windows Desktop Plug-in"/>
    <pluginInfo version-no="6.5.2.GA_v201602251028_r11" plugin-name="SPA"/>
    <pluginInfo version-no="6.5.2.GA_v201601281726_r4" plugin-name="Desktop Web"/>
    <pluginInfo version-no="6.5.2.GA_v201602092139_r5" plugin-id="com.kony.sync.ide.SyncPlugin" plugin-name="Kony Sync"/>
    <pluginInfo version-no="6.5.2.GA_v201508132026" plugin-id="com.kony.web.Activator" plugin-name="Kony Web Commons"/>
    <pluginInfo version-no="6.5.2.GA_v201603022050_r24" plugin-id="iosplugin.Activator" plugin-name="iOS Plugin"/>
    <pluginInfo version-no="6.5.2.GA_v201601312211_r3" plugin-id="com.kony.mobile.fabric.client.sdk.MBaasSDKPlugin" plugin-name="MobileFabric Client SDK"/>
</plugins>
